reviewStatus,suggestedCategory,categories,name,rating,reviewCount,address,googlePrimaryType,businessStatus,googleMapsUri,googlePlaceId,matchedQueries,notes
"approved","dive","dive","Amigos Dive Center","4.8","1050","Panagsama Beach, Moalboal, 6032 Cebu","sports_activity_location","OPERATIONAL","https://maps.google.com/?cid=3590270686464582605&g_mp=Cidnb29nbGUubWFwcy5wbGFjZXMudjEuUGxhY2VzLlNlYXJjaFRleHQQAhgEIAA","ChIJG1a5Su3pqzMRzSM40io00zE","dive shop | scuba diving",""
"approved","dive","dive","Amo Diving","4","90","X928+97X, Panagsama Beach, Moalboal, 6032 Cebu","sporting_goods_store","OPERATIONAL","https://maps.google.com/?cid=3904814613093621042&g_mp=Cidnb29nbGUubWFwcy5wbGFjZXMudjEuUGxhY2VzLlNlYXJjaFRleHQQAhgEIAA","ChIJM8AJZDHpqzMRMh0ztzOwMDY","dive shop | scuba diving",""
"approved","dive","dive","Cebu Fun Divers","4.9","456","Sitio Talisay Rd, Basdiot, Moalboal, 6032 Cebu","sports_activity_location","OPERATIONAL","https://maps.google.com/?cid=14473057440936348209&g_mp=Cidnb29nbGUubWFwcy5wbGFjZXMudjEuUGxhY2VzLlNlYXJjaFRleHQQAhgEIAA","ChIJ8QQzNt3oqzMRMcrVnA-h2sg","dive shop | scuba diving | snorkeling tour",""
"approved","dive","dive","Dive LAB Cebu","4.8","73","Panagsama Beach, Moalboal, Cebu","sports_activity_location","OPERATIONAL","https://maps.google.com/?cid=11119412758579254099&g_mp=Cidnb29nbGUubWFwcy5wbGFjZXMudjEuUGxhY2VzLlNlYXJjaFRleHQQAhgEIAA","ChIJrwukFOOWqTMRUxMQov0WUJo","dive shop | scuba diving | snorkeling tour",""
"approved","dive","dive","DIVESTORY MOALBOAL SCUBA DIVING CENTER","4.8","271","DIVESTORY MOALBOAL, Panagsama Beach, Basdiot, Moalboal, 6032 Cebu","sports_activity_location","OPERATIONAL","https://maps.google.com/?cid=1263549945713625321&g_mp=Cidnb29nbGUubWFwcy5wbGFjZXMudjEuUGxhY2VzLlNlYXJjaFRleHQQAhgEIAA","ChIJ2UTerTPpqzMR6Yg5JvsHiRE","dive shop | scuba diving",""
"approved","dive","dive","FLOI DIVING CENTER","4.9","227","Panagsama Beach, Moalboal, Cebu","sporting_goods_store","OPERATIONAL","https://maps.google.com/?cid=4229528040873263566&g_mp=Cidnb29nbGUubWFwcy5wbGFjZXMudjEuUGxhY2VzLlNlYXJjaFRleHQQAhgEIAA","ChIJEbNsZ5LpqzMRzgHOG1hNsjo","dive shop | scuba diving",""
"approved","dive","dive","Freediving Planet Moalboal","4.8","203","Brgy, Tuble Rd, Basdiot, Moalboal, 6032 Cebu","sports_activity_location","OPERATIONAL","https://maps.google.com/?cid=1212549068720739461&g_mp=Cidnb29nbGUubWFwcy5wbGFjZXMudjEuUGxhY2VzLlNlYXJjaFRleHQQAhgEIAA","ChIJZSkPib7oqzMRhZTUIfTW0xA","dive shop | scuba diving | snorkeling tour",""
"approved","dive","dive | transport","Johns Adventure And Tours","4.9","73","Panagsama Rd, Moalboal, 6032 Cebu","tour_agency","OPERATIONAL","https://maps.google.com/?cid=17452488931802613829&g_mp=Cidnb29nbGUubWFwcy5wbGFjZXMudjEuUGxhY2VzLlNlYXJjaFRleHQQAhgEIAA","ChIJufuP5w_pqzMRRQiIWjeyM_I","snorkeling tour | tour operator | travel agency",""
"approved","dive","dive","June Dive Resort","4.7","164","Panagsama Rd, Moalboal, Cebu","sports_activity_location","OPERATIONAL","https://maps.google.com/?cid=11351851473981993079&g_mp=Cidnb29nbGUubWFwcy5wbGFjZXMudjEuUGxhY2VzLlNlYXJjaFRleHQQAhgEIAA","ChIJGbsW0MDoqzMRd_CwWcXgiZ0","dive shop | scuba diving",""
"approved","dive","dive","Kasai Village Dive Resort","4.4","231","Moalboal, 6032 Cebu","resort_hotel","OPERATIONAL","https://maps.google.com/?cid=16558211760192398933&g_mp=CiVnb29nbGUubWFwcy5wbGFjZXMudjEuUGxhY2VzLkdldFBsYWNlEAIYBCAA","ChIJXSXwVWLoqzMRVab24d2VyuU","scuba diving",""
"approved","dive","dive","Klyd-Freediving/FunDive And Tours","4.9","105","C.Schmitz Road, Moalboal, 6032 Cebu","tour_agency","OPERATIONAL","https://maps.google.com/?cid=257710203787729123&g_mp=Cidnb29nbGUubWFwcy5wbGFjZXMudjEuUGxhY2VzLlNlYXJjaFRleHQQAhgEIAA","ChIJWdmV9UbpqzMR49jCnxCSkwM","snorkeling tour | tour operator",""
"approved","dive","dive | transport","La Adventura Travel and Tours Moalboal","5","27","Panagsama Beach, Moalboal, 6032 Cebu","travel_agency","OPERATIONAL","https://maps.google.com/?cid=13109760238994880873&g_mp=Cidnb29nbGUubWFwcy5wbGFjZXMudjEuUGxhY2VzLlNlYXJjaFRleHQQAhgEIAA","ChIJQT8i7ZbpqzMRaXnUl3o577U","snorkeling tour | tour operator | travel agency",""
"approved","dive","dive","M.B. Ocean Blue Dive Center","4.3","108","6032 Cebu, Moalboal, Panagsama Beach","resort_hotel","OPERATIONAL","https://maps.google.com/?cid=18133591685782181011&g_mp=Cidnb29nbGUubWFwcy5wbGFjZXMudjEuUGxhY2VzLlNlYXJjaFRleHQQAhgEIAA","ChIJaZ-0l8PoqzMRkxQG9Y91p_s","dive shop",""
"approved","dive","dive","M&L Diver Town","4.5","38","Panagsama Rd, Moalboal, 6032 Cebu","sporting_goods_store","OPERATIONAL","https://maps.google.com/?cid=13951989114522898619&g_mp=Cidnb29nbGUubWFwcy5wbGFjZXMudjEuUGxhY2VzLlNlYXJjaFRleHQQAhgEIAA","ChIJAcin-sPoqzMRuxBByS1sn8E","dive shop",""
"approved","dive","dive","Moalboal Dive Center","4.9","32","Panagsama Rd, Moalboal, 6032 Cebu","sporting_goods_store","OPERATIONAL","https://maps.google.com/?cid=11347663136160573076&g_mp=Cidnb29nbGUubWFwcy5wbGFjZXMudjEuUGxhY2VzLlNlYXJjaFRleHQQAhgEIAA","ChIJjU1NEgDpqzMRlGal9X__ep0","dive shop | scuba diving",""
"approved","dive","dive | transport","Moalboal Sardines Run","4.3","310","Panagsama Beach, Moalboal, 6032 Cebu","tour_agency","OPERATIONAL","https://maps.google.com/?cid=7505367752978782264&g_mp=Cidnb29nbGUubWFwcy5wbGFjZXMudjEuUGxhY2VzLlNlYXJjaFRleHQQAhgEIAA","ChIJ5XeYhgXpqzMRONj4yDRsKGg","snorkeling tour | tour operator | travel agency",""
"approved","dive","dive | transport","MOALBOAL SNORKELING/SCUBA TRAVEL AND TOURS","4.7","50","Panagsama Beach, Moalboal, 6032 Cebu","tour_agency","OPERATIONAL","https://maps.google.com/?cid=95848263097423955&g_mp=Cidnb29nbGUubWFwcy5wbGFjZXMudjEuUGxhY2VzLlNlYXJjaFRleHQQAhgEIAA","ChIJucZgZ3PpqzMRU5hCynyFVAE","scuba diving | snorkeling tour | tour operator | travel agency",""
"approved","dive","dive","Nelson's Dive Center","4.4","98","X928+2C7, Panagsama Rd, Moalboal, Cebu","sporting_goods_store","OPERATIONAL","https://maps.google.com/?cid=13910767864629063315&g_mp=Cidnb29nbGUubWFwcy5wbGFjZXMudjEuUGxhY2VzLlNlYXJjaFRleHQQAhgEIAA","ChIJQ5rbNsHoqzMRk24ipKv5DME","dive shop",""
"approved","dive","dive","Neptune Diving Resort Moalboal","4.7","416","W9X8+99G, Panagsama Beach, Basdiot, Moalboal, 6032 Cebu","hotel","OPERATIONAL","https://maps.google.com/?cid=6453084128571441502&g_mp=Cidnb29nbGUubWFwcy5wbGFjZXMudjEuUGxhY2VzLlNlYXJjaFRleHQQAhgEIAA","ChIJg5dcOsHoqzMRXkE2NdP1jVk","dive shop | scuba diving",""
"approved","dive","dive","Ocean Passion Dive Center","4.7","45","Panagsama Beach, Moalboal, Cebu","sporting_goods_store","OPERATIONAL","https://maps.google.com/?cid=5227333258582212509&g_mp=Cidnb29nbGUubWFwcy5wbGFjZXMudjEuUGxhY2VzLlNlYXJjaFRleHQQAhgEIAA","ChIJl8_JpkHpqzMRnb9gMOc3i0g","dive shop",""
"approved","dive","dive","Pescador Diving Center","4.9","158","Basdiot, Moalboal, 6032 Cebu","tour_agency","OPERATIONAL","https://maps.google.com/?cid=8779855657933677405&g_mp=Cidnb29nbGUubWFwcy5wbGFjZXMudjEuUGxhY2VzLlNlYXJjaFRleHQQAhgEIAA","ChIJrb8WGO3pqzMRXSNXBjRQ2Hk","dive shop | scuba diving",""
"approved","dive","dive | transport","RI RI TRAVEL & TOURS","4.9","67","Moalboal Moal boal, Cebu City, 6000 Cebu","tour_agency","OPERATIONAL","https://maps.google.com/?cid=15838646664751908478&g_mp=Cidnb29nbGUubWFwcy5wbGFjZXMudjEuUGxhY2VzLlNlYXJjaFRleHQQAhgEIAA","ChIJCTCrXGbpqzMRfoZ2jzktzts","snorkeling tour | tour operator | travel agency",""
"approved","dive","dive","Sabanal Dive","4.8","84","Panagsama Beach, Moalboal, 6032 Cebu","tour_agency","OPERATIONAL","https://maps.google.com/?cid=18080741119760364174&g_mp=Cidnb29nbGUubWFwcy5wbGFjZXMudjEuUGxhY2VzLlNlYXJjaFRleHQQAhgEIAA","ChIJC6ROox3pqzMRjnIdp0Cy6_o","dive shop | scuba diving | snorkeling tour",""
"approved","dive","dive","Savedra Dive Center","4.8","971","6032 Panagsama Beach, Moalboal, Cebu","sports_activity_location","OPERATIONAL","https://maps.google.com/?cid=3378652117202168423&g_mp=Cidnb29nbGUubWFwcy5wbGFjZXMudjEuUGxhY2VzLlNlYXJjaFRleHQQAhgEIAA","ChIJk09J2irmqzMRZ-p0ITNi4y4","dive shop | scuba diving",""
"approved","dive","dive","Scuba Princess Moalboal","5","26","The Blue Orchid Resort Moalboal, Cebu, 6032 Cebu","sports_activity_location","OPERATIONAL","https://maps.google.com/?cid=8949795329534145044&g_mp=Cidnb29nbGUubWFwcy5wbGFjZXMudjEuUGxhY2VzLlNlYXJjaFRleHQQAhgEIAA","ChIJU5K-1PHpqzMRFDJVJW8PNHw","scuba diving",""
"approved","dive","dive | transport","South Travel Adventures","4.8","45","Beside at Floi Diving Center, Panagsama Beach, Moalboal, 6032 Cebu","travel_agency","OPERATIONAL","https://maps.google.com/?cid=5701629763982528545&g_mp=Cidnb29nbGUubWFwcy5wbGFjZXMudjEuUGxhY2VzLlNlYXJjaFRleHQQAhgEIAA","ChIJg3Tt45vpqzMRIRD50g9CIE8","snorkeling tour | tour operator | travel agency",""
"approved","dive","dive","The Blue Abyss Dive Shop","4.5","72","Panagsama Beach, Moalboal, 6032 Cebu","sporting_goods_store","OPERATIONAL","https://maps.google.com/?cid=17368224308240409156&g_mp=Cidnb29nbGUubWFwcy5wbGFjZXMudjEuUGxhY2VzLlNlYXJjaFRleHQQAhgEIAA","ChIJD5k9P73oqzMRRGL5z_xTCPE","dive shop",""
"approved","eat","eat","2PM CAFE","4.9","194","Panagsama Beach, Moalboal, 6042 Cebu","cafe","OPERATIONAL","https://maps.google.com/?cid=15433509795280864522&g_mp=Cidnb29nbGUubWFwcy5wbGFjZXMudjEuUGxhY2VzLlNlYXJjaFRleHQQAhgEIAA","ChIJYW-p-QnpqzMRCkU6eWPXLtY","cafe",""
"approved","eat","eat","AJ Street Thai Food Moalboal","4.6","408","Panagsama Rd, Basdiot, Moalboal, 6032 Cebu","restaurant","OPERATIONAL","https://maps.google.com/?cid=15648424649472626644&g_mp=Cidnb29nbGUubWFwcy5wbGFjZXMudjEuUGxhY2VzLlNlYXJjaFRleHQQAhgEIAA","ChIJ7V-19WjpqzMR1E9ITk9fKtk","fast food restaurant",""
"approved","eat","eat","Alburs Moal Boal","4.7","298","X929+53F, Panagsama Beach, tuble Road, Moalboal, Cebu","restaurant","OPERATIONAL","https://maps.google.com/?cid=14595997247992771991&g_mp=Cidnb29nbGUubWFwcy5wbGFjZXMudjEuUGxhY2VzLlNlYXJjaFRleHQQAhgEIAA","ChIJr1deMQDpqzMRlzUwBSpmj8o","fast food restaurant",""
"approved","eat","eat | shop","Bawud Cafe Moalboal","4.2","1102","Panagsama Main Road, Basdiot, Moalboal, 6032 Cebu","coffee_shop","OPERATIONAL","https://maps.google.com/?cid=7935593270783138039&g_mp=Cidnb29nbGUubWFwcy5wbGFjZXMudjEuUGxhY2VzLlNlYXJjaFRleHQQAhgEIAA","ChIJw4LlVxnpqzMR91gCAwnkIG4","cafe | bakery | grocery store | shopping",""
"approved","eat","eat","Betsy’s Grill and Restobar(Moalboal)","4.7","869","Panagsama Rd, Moalboal, 6032 Cebu","restaurant","OPERATIONAL","https://maps.google.com/?cid=16099586603074864017&g_mp=Cidnb29nbGUubWFwcy5wbGFjZXMudjEuUGxhY2VzLlNlYXJjaFRleHQQAhgEIAA","ChIJDyU0Ht3pqzMRkUPqWrc4bd8","restaurant | fast food restaurant | local food",""
"approved","eat","eat","Black Summer","4.2","106","Panagsama Rd, Basdiot, Moalboal, 6032 Cebu","association_or_organization","OPERATIONAL","https://maps.google.com/?cid=5623930712815320493&g_mp=Cidnb29nbGUubWFwcy5wbGFjZXMudjEuUGxhY2VzLlNlYXJjaFRleHQQAhgEIAA","ChIJT49B_n3pqzMRrT3Eui83DE4","bar | fast food restaurant",""
"approved","eat","eat","Blue Mango Bar - Restaurant","4.6","1035","Panagsama Road, Corner Tuble Rd, Moalboal, 6032 Cebu","restaurant","OPERATIONAL","https://maps.google.com/?cid=18217660590549318163&g_mp=Cidnb29nbGUubWFwcy5wbGFjZXMudjEuUGxhY2VzLlNlYXJjaFRleHQQAhgEIAA","ChIJGTfR4EbpqzMREzpTKskh0vw","restaurant | cafe | bar | fast food restaurant | local food",""
"approved","eat","eat","Bombilland Grill and Restaurant","4.6","38","WCC3+26M, Moalboal, Cebu","restaurant","OPERATIONAL","https://maps.google.com/?cid=6612095315703132344&g_mp=CiVnb29nbGUubWFwcy5wbGFjZXMudjEuUGxhY2VzLkdldFBsYWNlEAIYBCAA","ChIJU3NRKADpqzMRuHCCQajhwls","restaurant",""
"approved","eat","eat","Chicken from Yura","4.9","40","Panagsama Rd, Moalboal, 6032 Cebu","restaurant","OPERATIONAL","https://maps.google.com/?cid=6616117794152142443&g_mp=Cidnb29nbGUubWFwcy5wbGFjZXMudjEuUGxhY2VzLlNlYXJjaFRleHQQAhgEIAA","ChIJ9x0jtrTpqzMRa1aUgBQs0Vs","fast food restaurant",""
"approved","eat","eat","COCOFI","5","122","Panagsama Beach, Basdiot, Moalboal, 6032 Cebu","coffee_shop","OPERATIONAL","https://maps.google.com/?cid=18066417027233390502&g_mp=Cidnb29nbGUubWFwcy5wbGFjZXMudjEuUGxhY2VzLlNlYXJjaFRleHQQAhgEIAA","ChIJ20y1XbjpqzMRpp9Q-JDOuPo","cafe",""
"approved","eat","eat","Coffee Spot Moalboal","4.4","53","Panagsama Rd, Basdiot, Moalboal, 6032 Cebu","coffee_shop","OPERATIONAL","https://maps.google.com/?cid=16382285785977140430&g_mp=Cidnb29nbGUubWFwcy5wbGFjZXMudjEuUGxhY2VzLlNlYXJjaFRleHQQAhgEIAA","ChIJ0eArJRPpqzMRzjQZEiCSWeM","cafe | bakery",""
"approved","eat","eat","DC | Davidov Chef Restaurant","4.7","295","Panagsama Rd, Moalboal, 6032 Cebu","restaurant","OPERATIONAL","https://maps.google.com/?cid=16075434294190734080&g_mp=Cidnb29nbGUubWFwcy5wbGFjZXMudjEuUGxhY2VzLlNlYXJjaFRleHQQAhgEIAA","ChIJXzyaPZDpqzMRAPteu1FqF98","restaurant | local food",""
"approved","eat","eat | shop","El Mercado de Moalboal","4.6","580","community stage, Panagsama Rd, Basdiot, Moalboal, 6032 Cebu","food_court","OPERATIONAL","https://maps.google.com/?cid=16946553169965496893&g_mp=Cidnb29nbGUubWFwcy5wbGFjZXMudjEuUGxhY2VzLlNlYXJjaFRleHQQAhgEIAA","ChIJpxa-EJHpqzMRPToQR1JALus","fast food restaurant | local food | grocery store | supermarket | shopping",""
"approved","eat","eat","Ester's Bar","4.4","189","X928+576, Panagsama Beach, Moalboal, 6032 Cebu","bar","OPERATIONAL","https://maps.google.com/?cid=842554021069658869&g_mp=Cidnb29nbGUubWFwcy5wbGFjZXMudjEuUGxhY2VzLlNlYXJjaFRleHQQAhgEIAA","ChIJ_Rd4LcHoqzMR9RrvCWtasQs","bar",""
"approved","eat","eat","Fire & Ice - Burgers and Sizzlers","4.7","80","Bao street, Poblacion West, Moalboal, 6032 Cebu","restaurant","OPERATIONAL","https://maps.google.com/?cid=12180014832920405007&g_mp=Cidnb29nbGUubWFwcy5wbGFjZXMudjEuUGxhY2VzLlNlYXJjaFRleHQQAhgEIAA","ChIJNazvSFjpqzMRD6Q1Q_UaCKk","fast food restaurant",""
"approved","eat","eat","Grace Bar","4.8","49","X928+2XC, Panagsama Rd, Moalboal, Cebu","bar","OPERATIONAL","https://maps.google.com/?cid=13405875273386957364&g_mp=Cidnb29nbGUubWFwcy5wbGFjZXMudjEuUGxhY2VzLlNlYXJjaFRleHQQAhgEIAA","ChIJEaKlcwDpqzMRNBpspYg8C7o","bar",""
"approved","eat","eat","Haze Bar","4.7","232","Haze Bar, Panagsama Rd, Moalboal, 6032 Cebu","bar","OPERATIONAL","https://maps.google.com/?cid=1340912179032238224&g_mp=Cidnb29nbGUubWFwcy5wbGFjZXMudjEuUGxhY2VzLlNlYXJjaFRleHQQAhgEIAA","ChIJHUV6ELvpqzMRkCg2uoXgmxI","bar",""
"approved","eat","eat","Hungry Monkeys Moalboal","4.6","2645","Panagsama Rd, Basdiot, Moalboal, 6032 Cebu","restaurant","OPERATIONAL","https://maps.google.com/?cid=2226127232283072578&g_mp=Cidnb29nbGUubWFwcy5wbGFjZXMudjEuUGxhY2VzLlNlYXJjaFRleHQQAhgEIAA","ChIJIyWiPYDpqzMRQlgOWezK5B4","restaurant | fast food restaurant | local food",""
"approved","eat","eat","ISLA BAR","4.8","1702","Panagsama Road, Corner Tuble Rd, Moalboal, 6032 Cebu","restaurant","OPERATIONAL","https://maps.google.com/?cid=11541506838548396578&g_mp=Cidnb29nbGUubWFwcy5wbGFjZXMudjEuUGxhY2VzLlNlYXJjaFRleHQQAhgEIAA","ChIJOS8WVXHpqzMRIjpr9FGrK6A","restaurant | bar | local food",""
"approved","eat","eat","Island Tea Co. & Ceylon Coffee Club","4.6","107","W9PV+8HP, Santander - Barili - Toledo Rd, Moalboal, Cebu","coffee_shop","OPERATIONAL","https://maps.google.com/?cid=11449607147498237296&g_mp=Cidnb29nbGUubWFwcy5wbGFjZXMudjEuUGxhY2VzLlNlYXJjaFRleHQQAhgEIAA","ChIJZeJDpPXpqzMRcO1nvAkt5Z4","cafe",""
"approved","eat","eat","Island Wok Restaurant","4.4","127","Unnamed Road, Moalboal, Cebu","restaurant","OPERATIONAL","https://maps.google.com/?cid=2403549294597470142&g_mp=CiVnb29nbGUubWFwcy5wbGFjZXMudjEuUGxhY2VzLkdldFBsYWNlEAIYBCAA","ChIJdSu94MLoqzMRvnefUFkfWyE","restaurant",""
"approved","eat","eat","Jollibee Moalboal","4.3","620","Moalboal Plaza, Poblacion West, Moalboal, 6032 Cebu","fast_food_restaurant","OPERATIONAL","https://maps.google.com/?cid=3287728581952564791&g_mp=Cidnb29nbGUubWFwcy5wbGFjZXMudjEuUGxhY2VzLlNlYXJjaFRleHQQAhgEIAA","ChIJz2LJcZPpqzMRN24u5blboC0","fast food restaurant",""
"approved","eat","eat","Julie's Bakeshop","4.6","29","W9QV+56V, Santander - Barili - Toledo Rd, Moalboal, Cebu","bakery","OPERATIONAL","https://maps.google.com/?cid=17064912295462464846&g_mp=Cidnb29nbGUubWFwcy5wbGFjZXMudjEuUGxhY2VzLlNlYXJjaFRleHQQAhgEIAA","ChIJfzmVhvjoqzMRTm08plG_0uw","bakery",""
"approved","eat","eat","Kugita Seafood & Charcoal Grill","4.4","417","Panagsama Rd, Moalboal, 6032 Cebu","restaurant","OPERATIONAL","https://maps.google.com/?cid=3524780132379159455&g_mp=Cidnb29nbGUubWFwcy5wbGFjZXMudjEuUGxhY2VzLlNlYXJjaFRleHQQAhgEIAA","ChIJoceNFxrpqzMRn2vQ9dqI6jA","restaurant | local food",""
"approved","eat","eat","Kumbira Restaurant & Bar","4.8","131","W9X9+X3Q, Panagsama Rd, Moalboal, Cebu","restaurant","OPERATIONAL","https://maps.google.com/?cid=15044288909708079555&g_mp=Cidnb29nbGUubWFwcy5wbGFjZXMudjEuUGxhY2VzLlNlYXJjaFRleHQQAhgEIAA","ChIJi91vcwDpqzMRw7F_KQ4NyNA","restaurant | local food",""
"approved","eat","eat","KYRO Café – Coffee, Breakfast & Pastries in Moalboal","4.9","723","Panagsama Beach, Moalboal, 6032 Cebu","cafe","OPERATIONAL","https://maps.google.com/?cid=3152407868175191208&g_mp=Cidnb29nbGUubWFwcy5wbGFjZXMudjEuUGxhY2VzLlNlYXJjaFRleHQQAhgEIAA","ChIJJTjavenpqzMRqIy6AUGavys","cafe | bakery",""
"approved","eat","eat","Lamika Moalboal Café and Restaurant","4.9","308","Panagsama Rd, Basdiot, Moalboal, 6032 Cebu","cafe","OPERATIONAL","https://maps.google.com/?cid=17464677420796431815&g_mp=Cidnb29nbGUubWFwcy5wbGFjZXMudjEuUGxhY2VzLlNlYXJjaFRleHQQAhgEIAA","ChIJqUzJNg3pqzMRx01bF5X_XvI","cafe | local food",""
"approved","eat","transport","LAST FILLING STATION Restaurant","4.1","385","W9W8+MJJ, Basdiot, Moalboal, 6032 Cebu","restaurant","OPERATIONAL","https://maps.google.com/?cid=15570136164854727291&g_mp=Cidnb29nbGUubWFwcy5wbGFjZXMudjEuUGxhY2VzLlNlYXJjaFRleHQQAhgEIAA","ChIJc8c3m2boqzMRewKhClk8FNg","gas station",""
"approved","eat","eat","Le Bistro Moalboal","4.2","279","Panagsama Rd, Moalboal, 6032 Cebu","restaurant","OPERATIONAL","https://maps.google.com/?cid=16666432797731841941&g_mp=Cidnb29nbGUubWFwcy5wbGFjZXMudjEuUGxhY2VzLlNlYXJjaFRleHQQAhgEIAA","ChIJXRXrbJbpqzMRlee5tVMQS-c","cafe | bakery",""
"approved","eat","eat","Le café Français","4.6","442","W9XC+9GM, Moalboal, 6032 Cebu","french_restaurant","OPERATIONAL","https://maps.google.com/?cid=17220650823262731464&g_mp=Cidnb29nbGUubWFwcy5wbGFjZXMudjEuUGxhY2VzLlNlYXJjaFRleHQQAhgEIAA","ChIJ6d5iRQ3pqzMRyPycUa8K_O4","cafe | bakery",""
"approved","eat","eat","Lmao","4.8","81","Paramayon St, Poblacion East, Moalboal, 6032 Cebu","restaurant","OPERATIONAL","https://maps.google.com/?cid=17324004732607087497&g_mp=CiVnb29nbGUubWFwcy5wbGFjZXMudjEuUGxhY2VzLkdldFBsYWNlEAIYBCAA","ChIJVZiENZrpqzMRiUM7joQ6a_A","restaurant",""
"approved","eat","eat","Lola Tanciang's Sutukil Seafood Paluto - Moalboal","4.5","1342","Panagsama Road, Brgy, Panagsama Beach, Moalboal, 6032 Cebu","restaurant","OPERATIONAL","https://maps.google.com/?cid=7052226131381692500&g_mp=Cidnb29nbGUubWFwcy5wbGFjZXMudjEuUGxhY2VzLlNlYXJjaFRleHQQAhgEIAA","ChIJG6lQTRjpqzMRVKi7XE2K3mE","restaurant | local food",""
"approved","eat","eat","Lovegan Cafe","4.8","330","Panagsama Rd, Moalboal, Cebu","vegan_restaurant","OPERATIONAL","https://maps.google.com/?cid=14318675430803939531&g_mp=Cidnb29nbGUubWFwcy5wbGFjZXMudjEuUGxhY2VzLlNlYXJjaFRleHQQAhgEIAA","ChIJ7XmSMgDpqzMRy6Au03AntsY","cafe",""
"approved","eat","eat","Manang Fe BBQ-Moalboal Cebu","4.3","92","W9X9+X59 Manang Fe BBQ, Panagsama Rd, Moalboal, 6032 Cebu","barbecue_restaurant","OPERATIONAL","https://maps.google.com/?cid=2714558078340815021&g_mp=Cidnb29nbGUubWFwcy5wbGFjZXMudjEuUGxhY2VzLlNlYXJjaFRleHQQAhgEIAA","ChIJTzOZsjbpqzMRrdirnTAMrCU","fast food restaurant",""
"approved","eat","eat","Mashiso Restaurant","5","21","Moalboal, Cebu","restaurant","OPERATIONAL","https://maps.google.com/?cid=3236656697246849774&g_mp=CiVnb29nbGUubWFwcy5wbGFjZXMudjEuUGxhY2VzLkdldFBsYWNlEAIYBCAA","ChIJuxJ5BADpqzMR7ppJGx7q6iw","restaurant",""
"approved","eat","eat","Mila's Restaurant","4.2","508","X929+53F, Tubli Rd, Moalboal, Cebu","restaurant","OPERATIONAL","https://maps.google.com/?cid=14809571576763730860&g_mp=CiVnb29nbGUubWFwcy5wbGFjZXMudjEuUGxhY2VzLkdldFBsYWNlEAIYBCAA","ChIJh_6Cfm3pqzMRrEu5dOIqhs0","restaurant",""
"approved","eat","eat","Moalboal Beer Garden","5","24","Panagsama Rd, Basdiot, Moalboal, 6032 Cebu","bar","OPERATIONAL","https://maps.google.com/?cid=13766967745195099097&g_mp=Cidnb29nbGUubWFwcy5wbGFjZXMudjEuUGxhY2VzLlNlYXJjaFRleHQQAhgEIAA","ChIJMYJIvbzpqzMR2UOdRjkYDr8","bar",""
"approved","eat","eat","Nomad Restobar","4.6","179","C.Schmitz Road, Moalboal, Cebu","restaurant","OPERATIONAL","https://maps.google.com/?cid=504677233675737671&g_mp=Cidnb29nbGUubWFwcy5wbGFjZXMudjEuUGxhY2VzLlNlYXJjaFRleHQQAhgEIAA","ChIJ1zgfOnrpqzMRRxp4J0X5AAc","bar",""
"approved","eat","eat | shop","Ô délices French Bakery","4.9","1027","Panagsama Rd, Moalboal, Cebu","bakery","OPERATIONAL","https://maps.google.com/?cid=1836056665816496966&g_mp=Cidnb29nbGUubWFwcy5wbGFjZXMudjEuUGxhY2VzLlNlYXJjaFRleHQQAhgEIAA","ChIJx-SKl7DpqzMRRvt6Sc_7ehk","cafe | bakery | grocery store | shopping",""
"approved","eat","eat","Panyang BBQ Pork Belly and Chicken","4.7","33","Santander - Barili - Toledo Rd, Moalboal, Cebu","barbecue_restaurant","OPERATIONAL","https://maps.google.com/?cid=5570528563914268467&g_mp=CiVnb29nbGUubWFwcy5wbGFjZXMudjEuUGxhY2VzLkdldFBsYWNlEAIYBCAA","ChIJadtnr_joqzMRM99GBzd-Tk0","restaurant",""
"approved","eat","eat","PAPABO Panagsama","4.6","75","Moalboal, Cebu","restaurant","OPERATIONAL","https://maps.google.com/?cid=9067796399915187994&g_mp=Cidnb29nbGUubWFwcy5wbGFjZXMudjEuUGxhY2VzLlNlYXJjaFRleHQQAhgEIAA","ChIJF_DpNQDpqzMRGr-CUMhI130","fast food restaurant",""
"approved","eat","eat","PAPABO Pirate Beach","4.6","29","Panagsama Beach, Moalboal, 6032 Cebu","beer_garden","OPERATIONAL","https://maps.google.com/?cid=5216395702025483166&g_mp=Cidnb29nbGUubWFwcy5wbGFjZXMudjEuUGxhY2VzLlNlYXJjaFRleHQQAhgEIAA","ChIJqaBIHAvpqzMRnnMa20BcZEg","bar",""
"approved","eat","eat","Passion Desserts","4.7","21","El Mercado de Moalboal, Panagsama Rd, Barangay Basdiot, Moalboal, 6032 Cebu","pastry_shop","OPERATIONAL","https://maps.google.com/?cid=5207980469256400278&g_mp=Cidnb29nbGUubWFwcy5wbGFjZXMudjEuUGxhY2VzLlNlYXJjaFRleHQQAhgEIAA","ChIJe8nuGI3pqzMRli0zy6R2Rkg","bakery",""
"approved","eat","eat","Ram Coffee House","4.9","170","Calumpang Street, Poblacion West, Moalboal, 6032 Cebu","coffee_shop","OPERATIONAL","https://maps.google.com/?cid=14268258099599576012&g_mp=Cidnb29nbGUubWFwcy5wbGFjZXMudjEuUGxhY2VzLlNlYXJjaFRleHQQAhgEIAA","ChIJL7TcliTpqzMRzAs5JiUJA8Y","cafe",""
"approved","eat","eat","Red Coco Bar","4.6","35","W9XC+FFP, Panagsama Rd, Basdiot, Moalboal, Cebu","bar","OPERATIONAL","https://maps.google.com/?cid=115686940622836983&g_mp=Cidnb29nbGUubWFwcy5wbGFjZXMudjEuUGxhY2VzLlNlYXJjaFRleHQQAhgEIAA","ChIJvWlwAwDpqzMR99T52KgAmwE","bar",""
"approved","eat","eat","Ristorante Sapori Di Napoli - Moalboal Cebu","4.8","262","Brgy, Commercial Haven Bldg, Sitio Cogon, Panagsama Rd, Basdiot, Barangay Basdiot, Moalboal, 6032 Cebu","italian_restaurant","OPERATIONAL","https://maps.google.com/?cid=7718834029547008641&g_mp=Cidnb29nbGUubWFwcy5wbGFjZXMudjEuUGxhY2VzLlNlYXJjaFRleHQQAhgEIAA","ChIJq9pZPxOdqTMRgbJYW6fOHms","restaurant | fast food restaurant | local food",""
"approved","eat","eat","Ryll's Restaurant • Café • Sports Bar","4.8","113","Panagsama Rd, Basdiot, Moalboal, 6032 Cebu","restaurant","OPERATIONAL","https://maps.google.com/?cid=1000530620006405407&g_mp=Cidnb29nbGUubWFwcy5wbGFjZXMudjEuUGxhY2VzLlNlYXJjaFRleHQQAhgEIAA","ChIJjX08rcLpqzMRHxViQEyZ4g0","cafe | fast food restaurant | local food",""
"approved","eat","shop","SHAKA","4.5","846","Shaka Cafe, Panagsama Rd, Moalboal, 6032 Cebu","cafe","OPERATIONAL","https://maps.google.com/?cid=3712491022899881669&g_mp=Cidnb29nbGUubWFwcy5wbGFjZXMudjEuUGxhY2VzLlNlYXJjaFRleHQQAhgEIAA","ChIJLR_yS8jpqzMRxSbGa-pqhTM","shopping",""
"approved","eat","eat","SHARKEEZ RESTO BAR","5","23","Panagsama Rd, Basidot, Moalboal, 6032 Cebu","night_club","OPERATIONAL","https://maps.google.com/?cid=9888447203670075072&g_mp=Cidnb29nbGUubWFwcy5wbGFjZXMudjEuUGxhY2VzLlNlYXJjaFRleHQQAhgEIAA","ChIJQZVl6grpqzMRwKb1KlfSOok","bar",""
"approved","eat","eat","Sip Tea Bar & Restaurant","4.8","220","2575 Panagsama Rd, Moalboal, Cebu","bar","OPERATIONAL","https://maps.google.com/?cid=9181826815174832726&g_mp=Cidnb29nbGUubWFwcy5wbGFjZXMudjEuUGxhY2VzLlNlYXJjaFRleHQQAhgEIAA","ChIJ8dVEDJ_pqzMRVvKmS9dmbH8","restaurant | cafe | bar | fast food restaurant | local food",""
"approved","eat","eat | shop","Smooth Cafe Moalboal","4.7","3206","Panagsama Rd, Moalboal, 6032 Cebu","restaurant","OPERATIONAL","https://maps.google.com/?cid=11668635323081863910&g_mp=Cidnb29nbGUubWFwcy5wbGFjZXMudjEuUGxhY2VzLlNlYXJjaFRleHQQAhgEIAA","ChIJgX31xrDpqzMR5rLe1QBS76E","restaurant | cafe | local food | shopping",""
"approved","eat","eat","Spring Blossom Resto Bar","5","97","Xperiential Spot, Brgy, Basdiot, Moalboal, 6032 Cebu","restaurant","OPERATIONAL","https://maps.google.com/?cid=1386686070270443607&g_mp=Cidnb29nbGUubWFwcy5wbGFjZXMudjEuUGxhY2VzLlNlYXJjaFRleHQQAhgEIAA","ChIJGTsCNIPpqzMRV8BzSaJ_PhM","restaurant | bar | local food",""
"approved","eat","eat","Sushi Lovers Moalboal","4.2","53","W9XC+FFR, Panagsama Rd, Moalboal, 6032 Cebu","restaurant","OPERATIONAL","https://maps.google.com/?cid=8935298980292390521&g_mp=CiVnb29nbGUubWFwcy5wbGFjZXMudjEuUGxhY2VzLkdldFBsYWNlEAIYBCAA","ChIJxfGqfQDpqzMRee480hSPAHw","restaurant",""
"approved","eat","eat","Tara Bar & Chill - Moalboal","5","29","W9XC+G3H, Moalboal, Cebu","bar","OPERATIONAL","https://maps.google.com/?cid=4249251692683366155&g_mp=Cidnb29nbGUubWFwcy5wbGFjZXMudjEuUGxhY2VzLlNlYXJjaFRleHQQAhgEIAA","ChIJeefXVwDpqzMRC4-ep-Zf-Do","bar",""
"approved","eat","eat","The Hangout - Bar and Restaurant","4.8","233","Tubli Rd, Moalboal, Cebu","restaurant","OPERATIONAL","https://maps.google.com/?cid=16428732473669236889&g_mp=Cidnb29nbGUubWFwcy5wbGFjZXMudjEuUGxhY2VzLlNlYXJjaFRleHQQAhgEIAA","ChIJS7mRt0bpqzMRmbj6QiSV_uM","restaurant | bar | local food",""
"approved","eat","eat","The Lounge Moalboal","4.5","289","Panagsama Rd, Moalboal, 6032 Cebu","restaurant","OPERATIONAL","https://maps.google.com/?cid=2930954123898852988&g_mp=Cidnb29nbGUubWFwcy5wbGFjZXMudjEuUGxhY2VzLlNlYXJjaFRleHQQAhgEIAA","ChIJ2xjPTl7pqzMRfBb1Lz_XrCg","restaurant | cafe",""
"approved","eat","eat","Three Bears Restaurant","4.7","2792","2575 Panagsama Rd, Moalboal, 6032 Cebu","restaurant","OPERATIONAL","https://maps.google.com/?cid=11448408439972590218&g_mp=Cidnb29nbGUubWFwcy5wbGFjZXMudjEuUGxhY2VzLlNlYXJjaFRleHQQAhgEIAA","ChIJB-Rd6cHoqzMRinIm5NHq4J4","local food",""
"approved","eat","eat","Tilas Lounge Beachbar Moalboal Panagsama","4.7","60","Panagsama Beach, Moalboal, 6032 Cebu","lounge_bar","OPERATIONAL","https://maps.google.com/?cid=4809710934077021967&g_mp=Cidnb29nbGUubWFwcy5wbGFjZXMudjEuUGxhY2VzLlNlYXJjaFRleHQQAhgEIAA","ChIJUyjYtNHpqzMRDx_5kZyGv0I","bar",""
"approved","eat","eat","Tipsy Turtle","4.8","207","Panagsama Rd, Basdiot, Moalboal, 6032 Cebu","restaurant","OPERATIONAL","https://maps.google.com/?cid=551756420391806772&g_mp=Cidnb29nbGUubWFwcy5wbGFjZXMudjEuUGxhY2VzLlNlYXJjaFRleHQQAhgEIAA","ChIJjQDQbADpqzMRNKf-f4o7qAc","restaurant | fast food restaurant",""
"approved","eat","eat","Trattoria Altrove Moalboal","4.4","567","Panagsama Rd, Corner Bantayan Road, Moalboal, Cebu","italian_restaurant","OPERATIONAL","https://maps.google.com/?cid=9780242943704997504&g_mp=Cidnb29nbGUubWFwcy5wbGFjZXMudjEuUGxhY2VzLlNlYXJjaFRleHQQAhgEIAA","ChIJRzLSw7TpqzMRgJ6OrCNnuoc","restaurant | local food",""
"approved","eat","eat","UHAW Cafe Moalboal","4.4","478","Panagsama Rd, Moalboal, Cebu","cafe","OPERATIONAL","https://maps.google.com/?cid=3542055862944812781&g_mp=Cidnb29nbGUubWFwcy5wbGFjZXMudjEuUGxhY2VzLlNlYXJjaFRleHQQAhgEIAA","ChIJXWvaO1bpqzMR7U5qbQrpJzE","cafe",""
"approved","eat","eat","Ven'z Kitchen","4.4","1064","Panagsama Road basdiot, moalboal, Moalboal, 6032 Cebu","restaurant","OPERATIONAL","https://maps.google.com/?cid=6338912079571622723&g_mp=Cidnb29nbGUubWFwcy5wbGFjZXMudjEuUGxhY2VzLlNlYXJjaFRleHQQAhgEIAA","ChIJU3OMJcHoqzMRQ5tMjfNW-Fc","restaurant | local food",""
"approved","eat","eat","Westcoast Cafe Moalboal","4.7","331","Panagsama Beach, Moalboal, 6032 Cebu","restaurant","OPERATIONAL","https://maps.google.com/?cid=1083909997914430132&g_mp=Cidnb29nbGUubWFwcy5wbGFjZXMudjEuUGxhY2VzLlNlYXJjaFRleHQQAhgEIAA","ChIJg8GtOWvpqzMRtBovembSCg8","cafe",""
"approved","eat","eat","Ye Old Countrystyle Bakeshop","4.9","101","W9WH+23C, Panagsama Rd, Moalboal, Cebu","bakery","OPERATIONAL","https://maps.google.com/?cid=6491050762696217014&g_mp=Cidnb29nbGUubWFwcy5wbGFjZXMudjEuUGxhY2VzLlNlYXJjaFRleHQQAhgEIAA","ChIJ0ZLHZKDpqzMRtlGJEUfYFFo","bakery",""
"approved","eat","eat","서울키친 Seoul Kitchen(구,존맛탱(Jonmataeng moalboal))","4.8","48","Panagsama Beach, Moalboal, 6032 Cebu","korean_restaurant","OPERATIONAL","https://maps.google.com/?cid=4867171772628358891&g_mp=Cidnb29nbGUubWFwcy5wbGFjZXMudjEuUGxhY2VzLlNlYXJjaFRleHQQAhgEIAA","ChIJW5f_cRnpqzMR61ZSmPCqi0M","restaurant | local food",""
"approved","health","health","CRYSTOFRANS Dental Clinic","4.8","30","2nd floor, Gaisano Grand, Poblacion East, Moalboal, 6032 Cebu","dental_clinic","OPERATIONAL","https://maps.google.com/?cid=9639702526803709091&g_mp=Cidnb29nbGUubWFwcy5wbGFjZXMudjEuUGxhY2VzLlNlYXJjaFRleHQQAhgEIAA","ChIJEQxlfsDpqzMRowyS8l8ax4U","medical clinic | dentist",""
"approved","health","health","Mahinay Family Medical Clinic","4.3","44","190 Pet Babiera St, Moalboal, 6032 Cebu","medical_clinic","OPERATIONAL","https://maps.google.com/?cid=10918259641014975936&g_mp=Cidnb29nbGUubWFwcy5wbGFjZXMudjEuUGxhY2VzLlNlYXJjaFRleHQQAhgEIAA","ChIJS8hSlWHpqzMRwH0uzEtzhZc","medical clinic | dentist | hospital",""
"approved","health","health | services","Moalboal Branch - Rabies Buster Animal Bite Center/Clinic","5","23","Purok Pook, Poblacion West, Moalboal, 6032 Cebu","medical_clinic","OPERATIONAL","https://maps.google.com/?cid=7588092739398498875&g_mp=Cidnb29nbGUubWFwcy5wbGFjZXMudjEuUGxhY2VzLlNlYXJjaFRleHQQAhgEIAA","ChIJQaxYDADpqzMRO3qRniRSTmk","medical clinic | hospital | bank",""
"approved","health","health | services","MUJO Ice Bath","5","105","Panagsama Rd, Basdiot, Moalboal, 6032 Cebu","wellness_center","OPERATIONAL","https://maps.google.com/?cid=11482419106420871962&g_mp=Cidnb29nbGUubWFwcy5wbGFjZXMudjEuUGxhY2VzLlNlYXJjaFRleHQQAhgEIAA","ChIJH3Sar9DpqzMRGtNfQFe_WZ8","medical clinic | gym",""
"approved","health","health","OdontoKraft Dental Clinic","4.2","20","104 Santander - Barili - Toledo Rd, Moalboal, Cebu","dental_clinic","OPERATIONAL","https://maps.google.com/?cid=6922601096427682030&g_mp=Cidnb29nbGUubWFwcy5wbGFjZXMudjEuUGxhY2VzLlNlYXJjaFRleHQQAhgEIAA","ChIJgcksiBDpqzMR7jhNCgUFEmA","medical clinic | dentist",""
"approved","health","health","Rose Pharmacy Gaisano Grand Mall Poblacion East Moalboal","4.3","44","Gaisano Grand Mall.,Poblacion East, Moalboal, 6032 Cebu","pharmacy","OPERATIONAL","https://maps.google.com/?cid=3006157215354542288&g_mp=Cidnb29nbGUubWFwcy5wbGFjZXMudjEuUGxhY2VzLlNlYXJjaFRleHQQAhgEIAA","ChIJdfaKG1noqzMR0FgvYA8EuCk","pharmacy",""
"approved","services","services","Alpha Fitness Center","4.9","96","Talisay Road, Panagsama Rd, Moalboal, 6032 Cebu","fitness_center","OPERATIONAL","https://maps.google.com/?cid=6779857738768486176&g_mp=Cidnb29nbGUubWFwcy5wbGFjZXMudjEuUGxhY2VzLlNlYXJjaFRleHQQAhgEIAA","ChIJj9OUWC3pqzMRII_6MrHkFl4","gym",""
"approved","services","services","Anytime Laundry","4.1","93","Panagsama Rd, Moalboal, 6032 Cebu","laundry","OPERATIONAL","https://maps.google.com/?cid=3252968251783152255&g_mp=Cidnb29nbGUubWFwcy5wbGFjZXMudjEuUGxhY2VzLlNlYXJjaFRleHQQAhgEIAA","ChIJXxcXhvPpqzMRf4Io2WPdJC0","laundry",""
"approved","services","services","Arjean’s waxing and nail spa","5","86","W9VW+PM6, Moalboal, 6032 Cebu","nail_salon","OPERATIONAL","https://maps.google.com/?cid=12592462950029055908&g_mp=Cidnb29nbGUubWFwcy5wbGFjZXMudjEuUGxhY2VzLlNlYXJjaFRleHQQAhgEIAA","ChIJ69c-cRbpqzMRpNe_11Vqwa4","beauty salon | spa",""
"approved","services","services","BuzzRab Barber Shop","5","121","No. 90 Sitio Pook, Barangay Poblacion West, Moalboal, 6032 Cebu","barber_shop","OPERATIONAL","https://maps.google.com/?cid=11959271727574984457&g_mp=Cidnb29nbGUubWFwcy5wbGFjZXMudjEuUGxhY2VzLlNlYXJjaFRleHQQAhgEIAA","ChIJZ_dCpubpqzMRCad69kXe96U","barber shop",""
"approved","services","services","Dolphin House Resort","4.1","278","Dolphin House Resort, Moalboal, 6032 Lalawigan ng Cebu","resort_hotel","OPERATIONAL","https://maps.google.com/?cid=16430375493144477750&g_mp=Cidnb29nbGUubWFwcy5wbGFjZXMudjEuUGxhY2VzLlNlYXJjaFRleHQQAhgEIAA","ChIJxz8hHRjmqzMRNgApi3VrBOQ","spa",""
"approved","services","services","Eva's Haven Thai Body and Foot Massage","4.6","230","Cogon, Panagsama Rd, Basdiot, Moalboal, 6032 Cebu","massage_spa","OPERATIONAL","https://maps.google.com/?cid=18371636809297895305&g_mp=Cidnb29nbGUubWFwcy5wbGFjZXMudjEuUGxhY2VzLlNlYXJjaFRleHQQAhgEIAA","ChIJeZ4ZhQrpqzMRiR-xSFcq9f4","beauty salon | spa",""
"approved","services","services","Fitness Hub Serenity","4.8","53","Bantayan, 1 Tubli Rd, Basdiot, Moalboal, 6015 Cebu","fitness_center","OPERATIONAL","https://maps.google.com/?cid=5315970322415295885&g_mp=CiVnb29nbGUubWFwcy5wbGFjZXMudjEuUGxhY2VzLkdldFBsYWNlEAIYBCAA","ChIJXw-qPMHpqzMRjR0V0Ncexkk","gym",""
"approved","services","services","Haven Wellness Spa","4.9","26","Panagsama Rd, Moalboal, 6032 Cebu","spa","OPERATIONAL","https://maps.google.com/?cid=6991648534209477676&g_mp=Cidnb29nbGUubWFwcy5wbGFjZXMudjEuUGxhY2VzLlNlYXJjaFRleHQQAhgEIAA","ChIJYQNBd5rpqzMRLLzva0xTB2E","beauty salon | spa",""
"approved","services","services","HEAVENLY SPARADISE MASSAGE AND FACIAL SPA MOALBOAL","4.4","359","Panagsama Beach, Basdiot, Moalboal, 6032 Cebu","massage_spa","OPERATIONAL","https://maps.google.com/?cid=16596783677446456931&g_mp=Cidnb29nbGUubWFwcy5wbGFjZXMudjEuUGxhY2VzLlNlYXJjaFRleHQQAhgEIAA","ChIJ25-tkNbpqzMRY4YyNNKeU-Y","spa",""
"approved","services","services","HYD Wellness and Spa moalboal","4.8","51","Panagsama Rd, Moalboal, 6032 Cebu","beauty_salon","OPERATIONAL","https://maps.google.com/?cid=18014755757824608779&g_mp=Cidnb29nbGUubWFwcy5wbGFjZXMudjEuUGxhY2VzLlNlYXJjaFRleHQQAhgEIAA","ChIJZ3MKuAjpqzMRCwqPXOpEAfo","beauty salon | spa",""
"approved","services","services","Laundry Made Easy","4.8","99","X-Spot, C. Schmitz Road, Panagsama Beach, Moalboal, 6032 Cebu","laundry","OPERATIONAL","https://maps.google.com/?cid=4492445901643559620&g_mp=Cidnb29nbGUubWFwcy5wbGFjZXMudjEuUGxhY2VzLlNlYXJjaFRleHQQAhgEIAA","ChIJhyEkjILpqzMRxLIf3L5fWD4","laundry",""
"approved","services","transport | services","Laundry Station","4.7","63","W9VV+7P, Moalboal, Cebu","laundry","OPERATIONAL","https://maps.google.com/?cid=7998207885040624931&g_mp=Cidnb29nbGUubWFwcy5wbGFjZXMudjEuUGxhY2VzLlNlYXJjaFRleHQQAhgEIAA","ChIJMfalHZfpqzMRIyWT87FX_24","gas station | laundry",""
"approved","services","services","Moalboal Spa And Massage","4.6","720","Panagsama Beach, Moalboal, 6032 Cebu","massage_spa","OPERATIONAL","https://maps.google.com/?cid=10269682837511931240&g_mp=Cidnb29nbGUubWFwcy5wbGFjZXMudjEuUGxhY2VzLlNlYXJjaFRleHQQAhgEIAA","ChIJHfK0L8HoqzMRaAXTLSE-hY4","beauty salon | spa",""
"approved","services","services","Nature Spa Moalboal","4.7","516","Panagsama Rd, Moalboal, 6032 Cebu","massage_spa","OPERATIONAL","https://maps.google.com/?cid=8087809809237571459&g_mp=Cidnb29nbGUubWFwcy5wbGFjZXMudjEuUGxhY2VzLlNlYXJjaFRleHQQAhgEIAA","ChIJMRlM-3jpqzMRg3eGoiusPXA","beauty salon | spa",""
"approved","services","services","PALMTHERA MASSAGE & SPA","4.6","179","W9XC+G38, Moalboal, Cebu","massage_spa","OPERATIONAL","https://maps.google.com/?cid=910876270386786941&g_mp=Cidnb29nbGUubWFwcy5wbGFjZXMudjEuUGxhY2VzLlNlYXJjaFRleHQQAhgEIAA","ChIJ1TggdS_pqzMRfbK8UiQVpAw","spa",""
"approved","services","services","Panagsama Relaxing Massage and Spa","4.4","178","Panagsama Beach, Moalboal, 6032 Cebu","massage_spa","OPERATIONAL","https://maps.google.com/?cid=7955040390765540190&g_mp=Cidnb29nbGUubWFwcy5wbGFjZXMudjEuUGxhY2VzLlNlYXJjaFRleHQQAhgEIAA","ChIJ37VZrJHpqzMRXvN2eRb7ZW4","spa",""
"approved","services","services","Peninsula Laundry Services","4.2","33","W9WF+9VJ, Moalboal, Cebu","laundry","OPERATIONAL","https://maps.google.com/?cid=9454366057891051606&g_mp=Cidnb29nbGUubWFwcy5wbGFjZXMudjEuUGxhY2VzLlNlYXJjaFRleHQQAhgEIAA","ChIJxwr1fQDpqzMRVjgbmdanNIM","laundry",""
"approved","services","services","Raymonds Barbershop","5","53","W9XC+24X, Panagsama Rd, Moalboal, Cebu","hair_salon","OPERATIONAL","https://maps.google.com/?cid=18414588919885650784&g_mp=Cidnb29nbGUubWFwcy5wbGFjZXMudjEuUGxhY2VzLlNlYXJjaFRleHQQAhgEIAA","ChIJpYXFeQDpqzMRYNug1g7Djf8","barber shop | beauty salon",""
"approved","services","services","Roger Barber Shop","4.8","25","W9QR+GPH, Panagsama Rd, Moalboal, Cebu","barber_shop","OPERATIONAL","https://maps.google.com/?cid=17975151489155473334&g_mp=Cidnb29nbGUubWFwcy5wbGFjZXMudjEuUGxhY2VzLlNlYXJjaFRleHQQAhgEIAA","ChIJjXUsedXpqzMRth_y_gqRdPk","barber shop",""
"approved","services","services","Sea Eagle Laundry & Clothing Repair","4.9","25","Panagsama Rd, Moalboal, Cebu","laundry","OPERATIONAL","https://maps.google.com/?cid=7835960766307524161&g_mp=Cidnb29nbGUubWFwcy5wbGFjZXMudjEuUGxhY2VzLlNlYXJjaFRleHQQAhgEIAA","ChIJm3z8AwDpqzMRQV6o3czsvmw","laundry | repair service",""
"approved","services","services","Yahay Massage Moalboal","4.5","140","Panagsama Rd, Basdiot, Moalboal, 6032 Cebu","massage_spa","OPERATIONAL","https://maps.google.com/?cid=6393994178687805345&g_mp=Cidnb29nbGUubWFwcy5wbGFjZXMudjEuUGxhY2VzLlNlYXJjaFRleHQQAhgEIAA","ChIJtxYQkg3pqzMRoSeaJNQHvFg","spa",""
"approved","Services","transport","Petron","4.3","34","W9RW+X7M, Moalboal, Cebu","gas_station","OPERATIONAL","https://maps.google.com/?cid=10916759034393798209&g_mp=Cidnb29nbGUubWFwcy5wbGFjZXMudjEuUGxhY2VzLlNlYXJjaFRleHQQAhgEIAA","ChIJVZCqO1roqzMRQSaUl4AegJc","gas station",""
"approved","shop","shop","Asian Home Appliance Center - Moalboal","4.9","149","Moalboal, Cebu","home_goods_store","OPERATIONAL","https://maps.google.com/?cid=16615024451361509606&g_mp=Cidnb29nbGUubWFwcy5wbGFjZXMudjEuUGxhY2VzLlNlYXJjaFRleHQQAhgEIAA","ChIJUdJSfnvpqzMR5hDVVbVslOY","hardware store | shopping",""
"approved","shop","shop | services","BVL BEAUTY SALON","4.1","300","Pob. East, Lucbon, W9MW+R9J, Moalboal, Cebu","hair_salon","OPERATIONAL","https://maps.google.com/?cid=18330220561065337673&g_mp=Cidnb29nbGUubWFwcy5wbGFjZXMudjEuUGxhY2VzLlNlYXJjaFRleHQQAhgEIAA","ChIJ4Ubq3lXoqzMRSWPcjHsGYv4","shopping | barber shop | beauty salon",""
"approved","shop","shop | services","Gaisano Town Center - Moalboal","4","188","Poblacion East, Moalboal, 6032 Cebu","shopping_mall","OPERATIONAL","https://maps.google.com/?cid=17658595362026883543&g_mp=Cidnb29nbGUubWFwcy5wbGFjZXMudjEuUGxhY2VzLlNlYXJjaFRleHQQAhgEIAA","ChIJd6T_-8XpqzMR1wn5KezuD_U","grocery store | supermarket | convenience store | shopping | bank",""
"approved","shop","shop","Gina Store","4.8","20","W9WG+5HF, Panagsama Rd, Moalboal, Cebu","grocery_store","OPERATIONAL","https://maps.google.com/?cid=8167896165329498429&g_mp=Cidnb29nbGUubWFwcy5wbGFjZXMudjEuUGxhY2VzLlNlYXJjaFRleHQQAhgEIAA","ChIJ8bZ3vLnpqzMRPXG9eEkyWnE","grocery store | supermarket",""
"approved","shop","shop","Kalynn Souvenir Shop","5","27","Quisaot Road, Moalboal, Cebu","clothing_store","OPERATIONAL","https://maps.google.com/?cid=14346013128043099580&g_mp=Cidnb29nbGUubWFwcy5wbGFjZXMudjEuUGxhY2VzLlNlYXJjaFRleHQQAhgEIAA","ChIJf57YWsPpqzMRvHUZeO5GF8c","shopping",""
"approved","shop","shop","Lady N Coffee and Souvenir Shop","4.8","84","Panagsama Beach, Moalboal, Cebu","store","OPERATIONAL","https://maps.google.com/?cid=5132670140401400820&g_mp=Cidnb29nbGUubWFwcy5wbGFjZXMudjEuUGxhY2VzLlNlYXJjaFRleHQQAhgEIAA","ChIJpxvSiwnpqzMR9Dvhc0zoOkc","supermarket | shopping",""
"approved","shop","shop","Moalboal Fish & Meat Market","4","107","Dr JP Rizal St, Poblacion East, Moalboal, 6032 Cebu","market","OPERATIONAL","https://maps.google.com/?cid=1564678142266602567&g_mp=Cidnb29nbGUubWFwcy5wbGFjZXMudjEuUGxhY2VzLlNlYXJjaFRleHQQAhgEIAA","ChIJCUD3tPjoqzMRR3Se-XrathU","grocery store | supermarket | shopping",""
"approved","shop","shop","Moalboal Fruit Stand","4.1","37","W9MR+VQP, Santander - Barili - Toledo Rd, Moalboal, Cebu","grocery_store","OPERATIONAL","https://maps.google.com/?cid=10057294260984387252&g_mp=Cidnb29nbGUubWFwcy5wbGFjZXMudjEuUGxhY2VzLlNlYXJjaFRleHQQAhgEIAA","ChIJT7dGvPjoqzMRtJaMM9ivkos","grocery store | supermarket | convenience store | shopping",""
"approved","shop","shop | services","Moalboal Public Market","4","516","Poblacion East, Moalboal, Cebu","market","OPERATIONAL","https://maps.google.com/?cid=5043768641455005801&g_mp=Cidnb29nbGUubWFwcy5wbGFjZXMudjEuUGxhY2VzLlNlYXJjaFRleHQQAhgEIAA","ChIJmy69hPjoqzMRaSAuO9sQ_0U","grocery store | supermarket | convenience store | public market | shopping | bank",""
"approved","shop","shop","PAPABO Adventure Village","4.7","150","Barangay, Pet Babiera St, Tuble, Moalboal, 6032 Cebu","sports_bar","OPERATIONAL","https://maps.google.com/?cid=10552720121020596748&g_mp=Cidnb29nbGUubWFwcy5wbGFjZXMudjEuUGxhY2VzLlNlYXJjaFRleHQQAhgEIAA","ChIJqRhB64DpqzMRDMKMEwrLcpI","shopping",""
"approved","stay","stay","3 SISTERS GUEST HOUSE","4.7","56","Panagsama Rd, Moalboal, 6032 Cebu","guest_house","OPERATIONAL","https://maps.google.com/?cid=14947653876626263046&g_mp=Cidnb29nbGUubWFwcy5wbGFjZXMudjEuUGxhY2VzLlNlYXJjaFRleHQQAhgEIAA","ChIJA5nucBrpqzMRBozMNQG8cM8","guest house",""
"approved","stay","stay","3 Sisters Guest House 2","4.8","32","Tubli Road, Bantayan 1, Basdiot, Moalboal, 6032 Cebu","guest_house","OPERATIONAL","https://maps.google.com/?cid=5665249616005909772&g_mp=Cidnb29nbGUubWFwcy5wbGFjZXMudjEuUGxhY2VzLlNlYXJjaFRleHQQAhgEIAA","ChIJYXdh59bpqzMRDE3zjYICn04","guest house",""
"approved","stay","stay","Allba's Homestay","4.3","186","Tongo Point Rd, Moalboal, Cebu","private_guest_room","OPERATIONAL","https://maps.google.com/?cid=15505560862174133382&g_mp=Cidnb29nbGUubWFwcy5wbGFjZXMudjEuUGxhY2VzLlNlYXJjaFRleHQQAhgEIAA","ChIJjXiKjeHoqzMRhrwWwXPRLtc","homestay",""
"approved","stay","stay","Ananas Guesthouse","4.6","126","Tubli Rd, Basdiot, Moalboal, 6032 Cebu","guest_house","OPERATIONAL","https://maps.google.com/?cid=5409669449222992269&g_mp=Cidnb29nbGUubWFwcy5wbGFjZXMudjEuUGxhY2VzLlNlYXJjaFRleHQQAhgEIAA","ChIJCQt5Z57pqzMRjTE40bMBE0s","guest house",""
"approved","stay","stay","Babu Backpacker's Inn","4.1","103","Panagsama Rd, Moalboal, Cebu","hostel","OPERATIONAL","https://maps.google.com/?cid=3383536248712484387&g_mp=Cidnb29nbGUubWFwcy5wbGFjZXMudjEuUGxhY2VzLlNlYXJjaFRleHQQAhgEIAA","ChIJE32XHuroqzMRI1YqnUq89C4","hostel",""
"approved","stay","stay","Cabana Beach Club Resort","4.2","351","Panagsama Rd, Moalboal, Cebu","resort_hotel","OPERATIONAL","https://maps.google.com/?cid=12433990651691851706&g_mp=Cidnb29nbGUubWFwcy5wbGFjZXMudjEuUGxhY2VzLlNlYXJjaFRleHQQAhgEIAA","ChIJc35X-pLoqzMRut-enp5ojqw","resort",""
"approved","stay","stay | dive","Cebu Seaview Dive Resort","4.7","367","Sitio Talisay, Panagsama Beach, Basdiot, Moalboal, 6032 Cebu","resort_hotel","OPERATIONAL","https://maps.google.com/?cid=9688208173201686643&g_mp=Cidnb29nbGUubWFwcy5wbGFjZXMudjEuUGxhY2VzLlNlYXJjaFRleHQQAhgEIAA","ChIJFyPDd1PpqzMRcwC50QBuc4Y","hotel | resort | scuba diving",""
"approved","stay","stay | eat","Chief Mau Moalboal Hostel & Cafe","4.5","364","Panagsama Beach, Moalboal, 6032 Cebu","hotel","OPERATIONAL","https://maps.google.com/?cid=3321321779618738163&g_mp=Cidnb29nbGUubWFwcy5wbGFjZXMudjEuUGxhY2VzLlNlYXJjaFRleHQQAhgEIAA","ChIJpXdxJMHoqzMR82_xuo-0Fy4","hotel | restaurant","Corrected from an erroneous hospital query match."
"approved","stay","stay","Club Serena Resort","4.2","367","Basdako Rd, Moalboal, 6032 Cebu","resort_hotel","OPERATIONAL","https://maps.google.com/?cid=11196744789838464087&g_mp=CiVnb29nbGUubWFwcy5wbGFjZXMudjEuUGxhY2VzLkdldFBsYWNlEAIYBCAA","ChIJA65sVRXmqzMRVwQHPxDUYps","resort",""
"approved","stay","stay","Crazy Bears Hostel","4.8","199","Crazy Bears Hostel, Panagsama Rd, Basdiot, Moalboal, 6032 Cebu","hostel","OPERATIONAL","https://maps.google.com/?cid=9017444645693497774&g_mp=Cidnb29nbGUubWFwcy5wbGFjZXMudjEuUGxhY2VzLlNlYXJjaFRleHQQAhgEIAA","ChIJcTXkkH3pqzMRriFP-CBmJH0","hostel",""
"approved","stay","stay","D&T Hostel","5","20","Panagsama Beach, Moalboal, 6032 Cebu","hostel","OPERATIONAL","https://maps.google.com/?cid=10641883192708881496&g_mp=Cidnb29nbGUubWFwcy5wbGFjZXMudjEuUGxhY2VzLlNlYXJjaFRleHQQAhgEIAA","ChIJY-58-hTpqzMRWNyccmGQr5M","hostel",""
"approved","stay","stay","D` Gecko hotel","4.1","323","Panagsama Beach, Moalboal, 6032 Cebu","hotel","OPERATIONAL","https://maps.google.com/?cid=17500921831751063633&g_mp=Cidnb29nbGUubWFwcy5wbGFjZXMudjEuUGxhY2VzLlNlYXJjaFRleHQQAhgEIAA","ChIJV1hfk8PoqzMRUZhmn67D3_I","hotel",""
"approved","stay","stay","Dolce Vita Resort","4.5","116","Uno Bantayan Road, Moalboal, 6032 Lalawigan ng Cebu","resort_hotel","OPERATIONAL","https://maps.google.com/?cid=7816676232443908290&g_mp=Cidnb29nbGUubWFwcy5wbGFjZXMudjEuUGxhY2VzLlNlYXJjaFRleHQQAhgEIAA","ChIJ194tDpjpqzMRwtAOb55pemw","hotel | resort",""
"approved","stay","stay","East Holiday Resort","4.9","43","Francisco Road, Panagsama Rd, Moalboal, 6032 Cebu","private_guest_room","OPERATIONAL","https://maps.google.com/?cid=12000113499090777254&g_mp=Cidnb29nbGUubWFwcy5wbGFjZXMudjEuUGxhY2VzLlNlYXJjaFRleHQQAhgEIAA","ChIJ_-w3SkXpqzMRpvSs6aX3iKY","homestay",""
"approved","stay","stay","Emok's Guest House","4.2","121","Paramayon, Poblacion East,, Moalboal, 6032 Lalawigan ng Cebu","hostel","OPERATIONAL","https://maps.google.com/?cid=9940506151529419808&g_mp=Cidnb29nbGUubWFwcy5wbGFjZXMudjEuUGxhY2VzLlNlYXJjaFRleHQQAhgEIAA","ChIJL84Uq1voqzMRIBR_ga3F84k","guest house",""
"approved","stay","stay","Ester Escabas Cottages - Ester's Place","4.3","42","X9P9+QR4, basdaku, Moalboal, Cebu","private_guest_room","OPERATIONAL","https://maps.google.com/?cid=15302786414484791708&g_mp=Cidnb29nbGUubWFwcy5wbGFjZXMudjEuUGxhY2VzLlNlYXJjaFRleHQQAhgEIAA","ChIJaZ7HVRXmqzMRnCEKlSprXtQ","homestay",""
"approved","stay","stay | services","FFG EDEN Resort","4","171","Sitio Talisay, Basdiot, Moalboal, 6032 Cebu","resort_hotel","OPERATIONAL","https://maps.google.com/?cid=3459282602415536195&g_mp=Cidnb29nbGUubWFwcy5wbGFjZXMudjEuUGxhY2VzLlNlYXJjaFRleHQQAhgEIAA","ChIJj97SiFnpqzMRQ7iq5jLXATA","hotel | resort | gym",""
"approved","stay","stay","Gerty's Tourist Inn powered by Cocotel","4.5","68","Marcelo A. Street Basdiot, Moalboal, Cebu Marcelo A. Street, Home Stay, Panagsama Beach, Basdiot, Moalboal, 6032 Lalawigan ng Cebu","private_guest_room","OPERATIONAL","https://maps.google.com/?cid=12039026787234859601&g_mp=Cidnb29nbGUubWFwcy5wbGFjZXMudjEuUGxhY2VzLlNlYXJjaFRleHQQAhgEIAA","ChIJ3zckrcPoqzMRUcqL1hM3E6c","homestay",""
"approved","stay","stay","Hale Manna Coastal Gardens","4.5","513","Sitio Basdako, Saavedra, Moalboal, 6032 Cebu","resort_hotel","OPERATIONAL","https://maps.google.com/?cid=16829057880921528347&g_mp=Cidnb29nbGUubWFwcy5wbGFjZXMudjEuUGxhY2VzLlNlYXJjaFRleHQQAhgEIAA","ChIJHRgyG0DmqzMRG9jQgPrSjOk","homestay",""
"approved","stay","stay","Hangover Hostel","4.6","131","Barangay, 6032 C.Schmitz Road, Basdiot, Moalboal, Cebu","hostel","OPERATIONAL","https://maps.google.com/?cid=4276632192108370617&g_mp=Cidnb29nbGUubWFwcy5wbGFjZXMudjEuUGxhY2VzLlNlYXJjaFRleHQQAhgEIAA","ChIJoaqDswTpqzMRuZqe9VGmWTs","hostel",""
"approved","stay","stay","Herbs Guest House","4.5","158","Tongo Point Road Tongo, W9PG+5FF, Moalboal, 6032 Cebu","hotel","OPERATIONAL","https://maps.google.com/?cid=16078573572105745310&g_mp=Cidnb29nbGUubWFwcy5wbGFjZXMudjEuUGxhY2VzLlNlYXJjaFRleHQQAhgEIAA","ChIJMQNFm-HoqzMRnrNY1HmRIt8","guest house",""
"approved","stay","stay","Home Sweetie Homestay & Bunkbeds","4.8","66","C.Schmitz Road, Moalboal, 6032 Cebu","private_guest_room","OPERATIONAL","https://maps.google.com/?cid=3144376829345819313&g_mp=Cidnb29nbGUubWFwcy5wbGFjZXMudjEuUGxhY2VzLlNlYXJjaFRleHQQAhgEIAA","ChIJbbzYRNXpqzMRsWogERESoys","homestay",""
"approved","stay","stay","Homestay California","4.7","47","W9PM+RM2, Tongo Point Rd, Moalboal, Cebu","lodging","OPERATIONAL","https://maps.google.com/?cid=3553166407386927872&g_mp=Cidnb29nbGUubWFwcy5wbGFjZXMudjEuUGxhY2VzLlNlYXJjaFRleHQQAhgEIAA","ChIJ5cItr_TpqzMRABMmpAViTzE","homestay",""
"approved","stay","stay","HYD Hostel Moalboal","4.3","24","Panagsama Beach, Moalboal, 6032 Cebu","hostel","OPERATIONAL","https://maps.google.com/?cid=12462486352819906307&g_mp=Cidnb29nbGUubWFwcy5wbGFjZXMudjEuUGxhY2VzLlNlYXJjaFRleHQQAhgEIAA","ChIJM6oaWADpqzMRA-f7DU-l86w","hostel | guest house",""
"approved","stay","stay","Island Vibes Hostel","5","20","Panagsama Rd, Moalboal, 6032 Cebu","hostel","OPERATIONAL","https://maps.google.com/?cid=1898655380649824346&g_mp=Cidnb29nbGUubWFwcy5wbGFjZXMudjEuUGxhY2VzLlNlYXJjaFRleHQQAhgEIAA","ChIJBaX1XLjpqzMRWlCEWgJhWRo","hostel",""
"approved","stay","stay","Maayong Hostel","4.8","181","W9WF+3GX, Panagsama Rd, Moalboal, 6032 Cebu","hostel","OPERATIONAL","https://maps.google.com/?cid=253271441019526877&g_mp=Cidnb29nbGUubWFwcy5wbGFjZXMudjEuUGxhY2VzLlNlYXJjaFRleHQQAhgEIAA","ChIJbV4I0THpqzMR3V64oQjNgwM","hostel",""
"approved","stay","stay","Marcosas Cottages Resort","4.1","355","Panagsama Beach, Moalboal, Moalboal, 6032 Cebu","resort_hotel","OPERATIONAL","https://maps.google.com/?cid=5656053824377947581&g_mp=Cidnb29nbGUubWFwcy5wbGFjZXMudjEuUGxhY2VzLlNlYXJjaFRleHQQAhgEIAA","ChIJZ3pspMPoqzMRvYWJePxWfk4","hotel | resort",""
"approved","stay","stay","MARZ IN MOALBOAL GUEST HOUSE","4.5","35","Bantayan Road, Moalboal, Lalawigan ng Cebu","hostel","OPERATIONAL","https://maps.google.com/?cid=5002386332578819837&g_mp=Cidnb29nbGUubWFwcy5wbGFjZXMudjEuUGxhY2VzLlNlYXJjaFRleHQQAhgEIAA","ChIJn0bBmz_pqzMR_S6hnt0LbEU","guest house",""
"approved","stay","stay","Moalboal Bamboo House Saavedra Basdaku","4.1","254","Bamboo House Resort Call +63 943 097 5404 Resort, Moalboal, 6032 Cebu","resort_hotel","OPERATIONAL","https://maps.google.com/?cid=10898090325981646676&g_mp=Cidnb29nbGUubWFwcy5wbGFjZXMudjEuUGxhY2VzLlNlYXJjaFRleHQQAhgEIAA","ChIJcf4KribmqzMRVM9BMmnLPZc","homestay",""
"approved","stay","stay","Moalboal Beach Resort","4.2","280","Whitebeach, Moalboal, 6032 Cebu","resort_hotel","OPERATIONAL","https://maps.google.com/?cid=3952130759895274699&g_mp=Cidnb29nbGUubWFwcy5wbGFjZXMudjEuUGxhY2VzLlNlYXJjaFRleHQQAhgEIAA","ChIJQQ_MOjfmqzMRy9RzofzJ2DY","resort",""
"approved","stay","stay","Moalboal Casablanca Inn","4.9","51","Moalboal, 6032 Cebu","hotel","OPERATIONAL","https://maps.google.com/?cid=12038102415897926774&g_mp=Cidnb29nbGUubWFwcy5wbGFjZXMudjEuUGxhY2VzLlNlYXJjaFRleHQQAhgEIAA","ChIJ6yNnLdXpqzMRdhxe3V3uD6c","hotel",""
"approved","stay","stay","Moalboal Cay Hostel","5","34","brgy, Panagsama Rd, Basdiot, Moalboal, 6032 Cebu","hostel","OPERATIONAL","https://maps.google.com/?cid=7302322849604665694&g_mp=Cidnb29nbGUubWFwcy5wbGFjZXMudjEuUGxhY2VzLlNlYXJjaFRleHQQAhgEIAA","ChIJH4bDDJ7pqzMRXoHnPfEPV2U","hostel",""
"approved","stay","stay","Moalboal Indino's Guesthouse","4.5","91","Panagsama Rd, Moalboal, 6032 Cebu","guest_house","OPERATIONAL","https://maps.google.com/?cid=17759147397184594618&g_mp=Cidnb29nbGUubWFwcy5wbGFjZXMudjEuUGxhY2VzLlNlYXJjaFRleHQQAhgEIAA","ChIJozhND2npqzMRuqL9OncqdfY","guest house",""
"approved","stay","stay","Moalboal T Breeze Coastal Resort","4.1","257","Looc, Moalboal, 6032 Cebu","resort_hotel","OPERATIONAL","https://maps.google.com/?cid=13807697288670726988&g_mp=Cidnb29nbGUubWFwcy5wbGFjZXMudjEuUGxhY2VzLlNlYXJjaFRleHQQAhgEIAA","ChIJD4JLxCHmqzMRTMtXGYfLnr8","hotel | resort",""
"approved","stay","stay | services","Moalboal Treeshade Resort","4.9","3773","Bantayan, Between Beyond Island and Dolce Vita Resort, Basdiot, Panagsama Rd, Uno, Moalboal, 6032 Cebu","resort_hotel","OPERATIONAL","https://maps.google.com/?cid=16693167153538324941&g_mp=Cidnb29nbGUubWFwcy5wbGFjZXMudjEuUGxhY2VzLlNlYXJjaFRleHQQAhgEIAA","ChIJP6N_G_LpqzMRzdne-hQLquc","hotel | resort | spa",""
"approved","stay","stay | shop | services","Moalboal Tropics","4.1","829","Paramayon, Poblacion East, Moalboal, 6032 Cebu","resort_hotel","OPERATIONAL","https://maps.google.com/?cid=2131623360769420883&g_mp=Cidnb29nbGUubWFwcy5wbGFjZXMudjEuUGxhY2VzLlNlYXJjaFRleHQQAhgEIAA","ChIJ_8HTvFnoqzMRU-6VHScMlR0","hotel | resort | supermarket | spa | bank",""
"approved","stay","stay","Moana Beach House","4.2","76","Panagsama Rd, Basdiot, Moalboal, 6032 Cebu","hostel","OPERATIONAL","https://maps.google.com/?cid=15823580291226035838&g_mp=Cidnb29nbGUubWFwcy5wbGFjZXMudjEuUGxhY2VzLlNlYXJjaFRleHQQAhgEIAA","ChIJV1YXCavpqzMRfmZmHXCmmNs","resort | hostel | guest house",""
"approved","stay","stay","MoHo - Moalboal Hostel","4.2","216","Brgy, Panagsama Rd, Basdiot, Moalboal, 6032 Cebu","hostel","OPERATIONAL","https://maps.google.com/?cid=10393033434839062159&g_mp=Cidnb29nbGUubWFwcy5wbGFjZXMudjEuUGxhY2VzLlNlYXJjaFRleHQQAhgEIAA","ChIJX1Oare_oqzMRjxZXJth4O5A","hostel",""
"approved","stay","stay","MOMO Hostel Moalboal","4.9","64","Talisay Rd, Basdiot, Moalboal, 6032 Cebu","hostel","OPERATIONAL","https://maps.google.com/?cid=8981964513498753766&g_mp=Cidnb29nbGUubWFwcy5wbGFjZXMudjEuUGxhY2VzLlNlYXJjaFRleHQQAhgEIAA","ChIJ1R5TR5LpqzMR5upB9CJZpnw","hostel",""
"approved","stay","stay","Ohlala Hostel","4.8","74","Panagsama Rd, Basdiot, Moalboal, 6032 Cebu","hostel","OPERATIONAL","https://maps.google.com/?cid=12367406143473824762&g_mp=Cidnb29nbGUubWFwcy5wbGFjZXMudjEuUGxhY2VzLlNlYXJjaFRleHQQAhgEIAA","ChIJ37WevArpqzMR-rO9tlzaoas","hostel | homestay",""
"approved","stay","stay","OoniHostel Moalboal","4","31","W9XC+4GQ, Basdiot, Moalboal, Cebu","hostel","OPERATIONAL","https://maps.google.com/?cid=2260841325851700844&g_mp=Cidnb29nbGUubWFwcy5wbGFjZXMudjEuUGxhY2VzLlNlYXJjaFRleHQQAhgEIAA","ChIJA-gUzajpqzMRbO7pGDUfYB8","hostel",""
"approved","stay","stay","Pescadores Suites Moalboal","4.3","1186","Francisco Road, Basdiot, Moalboal, 6032 Cebu","resort_hotel","OPERATIONAL","https://maps.google.com/?cid=12917081883059023382&g_mp=Cidnb29nbGUubWFwcy5wbGFjZXMudjEuUGxhY2VzLlNlYXJjaFRleHQQAhgEIAA","ChIJjSL22cLoqzMRFu5d9oixQrM","hotel | resort",""
"approved","stay","stay","Purple Heart Guest House","4.9","25","X929+84G, Tubli Rd, Moalboal, Cebu","hostel","OPERATIONAL","https://maps.google.com/?cid=2808623980202764069&g_mp=Cidnb29nbGUubWFwcy5wbGFjZXMudjEuUGxhY2VzLlNlYXJjaFRleHQQAhgEIAA","ChIJo1Xm7gfpqzMRJSehF6E8-iY","guest house | homestay",""
"approved","stay","stay","Puy-an, A Nomad Hostel","4.3","40","C.Schmitz Road, Moalboal, 6032 Cebu","hostel","OPERATIONAL","https://maps.google.com/?cid=16067184813441471791&g_mp=Cidnb29nbGUubWFwcy5wbGFjZXMudjEuUGxhY2VzLlNlYXJjaFRleHQQAhgEIAA","ChIJjW6KF-HpqzMRL9W60XUb-t4","hostel",""
"approved","stay","stay | dive | shop","Quo Vadis Dive Resort","4.4","436","Panagsama Beach, Moalboal, 6032 Cebu","resort_hotel","OPERATIONAL","https://maps.google.com/?cid=15745199967445974859&g_mp=Cidnb29nbGUubWFwcy5wbGFjZXMudjEuUGxhY2VzLlNlYXJjaFRleHQQAhgEIAA","ChIJawERSt3oqzMRS_8b4fIvgto","resort | scuba diving | shopping",""
"approved","stay","stay","RNA Guesthouse","4.8","51","Lot 1 Tongo Point Rd, Moalboal, 6032 Cebu","hotel","OPERATIONAL","https://maps.google.com/?cid=8463034704582835937&g_mp=Cidnb29nbGUubWFwcy5wbGFjZXMudjEuUGxhY2VzLlNlYXJjaFRleHQQAhgEIAA","ChIJocn_ocTpqzMR4X52iDm9cnU","guest house",""
"approved","stay","stay","Roos Guesthouse","4.8","148","Batayan Road, Basdiot, Moalboal, 6032 Cebu","guest_house","OPERATIONAL","https://maps.google.com/?cid=4327272290831974692&g_mp=Cidnb29nbGUubWFwcy5wbGFjZXMudjEuUGxhY2VzLlNlYXJjaFRleHQQAhgEIAA","ChIJa3JiAsHoqzMRJEFuvTiPDTw","guest house",""
"approved","stay","stay","Secret Paradise","4.5","182","Panagsama Beach, Moalboal, Cebu","resort_hotel","OPERATIONAL","https://maps.google.com/?cid=10860853910847646240&g_mp=Cidnb29nbGUubWFwcy5wbGFjZXMudjEuUGxhY2VzLlNlYXJjaFRleHQQAhgEIAA","ChIJe5I5jQfpqzMRIGp8sRaBuZY","hotel | resort",""
"approved","stay","stay","Sunset Beach Resort","4.1","125","411, 6032 Panagsama Rd, Moalboal, Cebu","resort_hotel","OPERATIONAL","https://maps.google.com/?cid=12029943874811116736&g_mp=Cidnb29nbGUubWFwcy5wbGFjZXMudjEuUGxhY2VzLlNlYXJjaFRleHQQAhgEIAA","ChIJxYIAsFLpqzMRwLwAfjfy8qY","hotel | resort",""
"approved","stay","stay","Sunset Paradise Hostel Moalboal","4.6","37","Purok Palata, Opposite to Barangay Basdiot, Moalboal, 6032 Cebu","hostel","OPERATIONAL","https://maps.google.com/?cid=16851807323545719641&g_mp=Cidnb29nbGUubWFwcy5wbGFjZXMudjEuUGxhY2VzLlNlYXJjaFRleHQQAhgEIAA","ChIJ3UuTHDTpqzMRWdNE33ml3ek","hostel",""
"approved","stay","stay | services","Sunset Paradise Moalboal","4.4","147","X928+4XP, Panagsama Rd, Moalboal, 6032 Cebu","hotel","OPERATIONAL","https://maps.google.com/?cid=2021970026018910741&g_mp=Cidnb29nbGUubWFwcy5wbGFjZXMudjEuUGxhY2VzLlNlYXJjaFRleHQQAhgEIAA","ChIJS0JgsSDpqzMRFTJYmwZ7Dxw","hotel | resort | spa",""
"approved","stay","stay","The Backyard Inn","4.8","80","Panagsama Rd, Basdiot, Moalboal, 6032 Cebu","hotel","OPERATIONAL","https://maps.google.com/?cid=4727885425678923690&g_mp=Cidnb29nbGUubWFwcy5wbGFjZXMudjEuUGxhY2VzLlNlYXJjaFRleHQQAhgEIAA","ChIJ86xh0XrpqzMRqrdWyL7SnEE","hotel",""
"approved","stay","stay","The Blue Orchid Resort","4.5","183","Moalboal, Cebu","resort_hotel","OPERATIONAL","https://maps.google.com/?cid=15333622653581110829&g_mp=Cidnb29nbGUubWFwcy5wbGFjZXMudjEuUGxhY2VzLlNlYXJjaFRleHQQAhgEIAA","ChIJdVqJNEDmqzMRLa6V-o_4y9Q","hotel | resort",""
"approved","stay","stay","The Hat Trick Hostel Cebu","4.8","73","Moalboal, 6032 Cebu","hostel","OPERATIONAL","https://maps.google.com/?cid=14604764428642667093&g_mp=Cidnb29nbGUubWFwcy5wbGFjZXMudjEuUGxhY2VzLlNlYXJjaFRleHQQAhgEIAA","ChIJhwj13UzpqzMRVcqBVd6Lrso","hostel",""
"approved","stay","stay | dive | shop","The Wild Orchid Resort","4.3","115","The Wild Orchid Resort, Saavedra, Moalboal, Cebu","resort_hotel","OPERATIONAL","https://maps.google.com/?cid=17312670735201938435&g_mp=Cidnb29nbGUubWFwcy5wbGFjZXMudjEuUGxhY2VzLlNlYXJjaFRleHQQAhgEIAA","ChIJDZ1wIu_nqzMRAywDpU72QvA","resort | scuba diving | supermarket | shopping",""
"approved","stay","stay","Turtle Bay Dive Resort","4.5","390","Tongo, Basdiot, Moalboal, 6032 Cebu","resort_hotel","OPERATIONAL","https://maps.google.com/?cid=5155900931824891703&g_mp=Cidnb29nbGUubWFwcy5wbGFjZXMudjEuUGxhY2VzLlNlYXJjaFRleHQQAhgEIAA","ChIJ4fHDHOPoqzMRNzeHkpRwjUc","resort",""
"approved","stay","stay | eat","Villa Alessandra","4.9","167","Santander - Barili - Toledo Rd, Badian, 6032 Cebu","hotel","OPERATIONAL","https://maps.google.com/?cid=16690353187735960711&g_mp=CiVnb29nbGUubWFwcy5wbGFjZXMudjEuUGxhY2VzLkdldFBsYWNlEAIYBCAA","ChIJJQqo0oPpqzMRh3zPgssLoOc","hotel | restaurant","Manually approved from https://maps.app.goo.gl/s6uizHCaKRKnPii97; Google currently formats the locality as Badian."
"approved","stay","stay","West Coast Beach House","4.5","217","Panagsama Beach, Moalboal, 6032 Cebu","hotel","OPERATIONAL","https://maps.google.com/?cid=11639029074122383086&g_mp=Cidnb29nbGUubWFwcy5wbGFjZXMudjEuUGxhY2VzLlNlYXJjaFRleHQQAhgEIAA","ChIJS-6wI8HoqzMR7h6C1UYjhqE","hotel",""
"approved","stay","stay | services","Wild Monkeys Hostel","4.9","93","Panagsama Rd, Moalboal, 6032 Cebu","hostel","OPERATIONAL","https://maps.google.com/?cid=308125559054049227&g_mp=Cidnb29nbGUubWFwcy5wbGFjZXMudjEuUGxhY2VzLlNlYXJjaFRleHQQAhgEIAA","ChIJFTJzHNfpqzMRy5-iPZCuRgQ","hostel | gym",""
"approved","Tours","transport","YOLO Moalboal Cebu Adventure","4.5","26","YOLO MOALBOAL CEBU ADVENTURE Tubli Rd, Moalboal, Cebu YOLO MOALBOAL, ADVENTURE, 6032 Cebu","service","OPERATIONAL","https://maps.google.com/?cid=17185587634578881315&g_mp=Cidnb29nbGUubWFwcy5wbGFjZXMudjEuUGxhY2VzLlNlYXJjaFRleHQQAhgEIAA","ChIJ6QGKEwDpqzMRI3trh-Z4f-4","motorcycle rental",""
"approved","transport","transport","ace motorbike","4.8","46","1 Bantayan Road, Moalboal, 6032 Lalawigan ng Cebu","service","OPERATIONAL","https://maps.google.com/?cid=9494453978119812755&g_mp=Cidnb29nbGUubWFwcy5wbGFjZXMudjEuUGxhY2VzLlNlYXJjaFRleHQQAhgEIAA","ChIJdzCKBwDpqzMRkzYg3pYTw4M","motorcycle rental | car rental",""
"approved","transport","transport","Elite Scooter Rentals Cebu","4.8","36","Upper Buay Ay, Moalboal, 6032 Cebu","service","OPERATIONAL","https://maps.google.com/?cid=16010715898079769587&g_mp=Cidnb29nbGUubWFwcy5wbGFjZXMudjEuUGxhY2VzLlNlYXJjaFRleHQQAhgEIAA","ChIJbRGckYDpqzMR83O-6Ed9Md4","motorcycle rental",""
"approved","transport","transport","Flores Motorcycle Rental","4.4","33","X95G+Q5C, Tubli Rd, Moalboal, Cebu","service","OPERATIONAL","https://maps.google.com/?cid=5405812881089515454&g_mp=Cidnb29nbGUubWFwcy5wbGFjZXMudjEuUGxhY2VzLlNlYXJjaFRleHQQAhgEIAA","ChIJV4TKJRrpqzMRvk-SkyxOBUs","motorcycle rental",""
"approved","transport","transport","FuelTech Gas Station","4.3","33","W9QR+MCC, Panagsama Rd, Moalboal, Cebu","gas_station","OPERATIONAL","https://maps.google.com/?cid=16675353635450750071&g_mp=Cidnb29nbGUubWFwcy5wbGFjZXMudjEuUGxhY2VzLlNlYXJjaFRleHQQAhgEIAA","ChIJFyQb4DXpqzMRd4QPGcjBauc","gas station",""
"approved","transport","transport","IslandHoppers Scooter Rental and Taxi Service","4.9","206","X929+FW3, Klemens Rd, Moalboal, Cebu","service","OPERATIONAL","https://maps.google.com/?cid=16406491865215617991&g_mp=Cidnb29nbGUubWFwcy5wbGFjZXMudjEuUGxhY2VzLlNlYXJjaFRleHQQAhgEIAA","ChIJqbtlNAjpqzMRx0uDFG2Rr-M","motorcycle rental | car rental",""
"approved","transport","transport","LOY'S MOTORBIKE RENTAL","5","272","Panagsama, Bantayan, 1 Tubli Rd, Moalboal, 6032 Cebu","service","OPERATIONAL","https://maps.google.com/?cid=568962869670566600&g_mp=Cidnb29nbGUubWFwcy5wbGFjZXMudjEuUGxhY2VzLlNlYXJjaFRleHQQAhgEIAA","ChIJkwOQZdzpqzMRyNoZKbdc5Qc","motorcycle rental | car rental",""
"approved","transport","transport","Majona’s Motorbike Hire","4.1","87","Panagsama Road Moalboal, Cebu","service","OPERATIONAL","https://maps.google.com/?cid=1417536223130309197&g_mp=Cidnb29nbGUubWFwcy5wbGFjZXMudjEuUGxhY2VzLlNlYXJjaFRleHQQAhgEIAA","ChIJZ6HX-evpqzMRTVLuO68ZrBM","motorcycle rental",""
"approved","transport","transport","Need4Speed Motorbike Rental - Moalboal Cebu","4.6","42","National Hwy, Poblacion East, Moalboal, 6032 Cebu","service","OPERATIONAL","https://maps.google.com/?cid=7396706886944946464&g_mp=Cidnb29nbGUubWFwcy5wbGFjZXMudjEuUGxhY2VzLlNlYXJjaFRleHQQAhgEIAA","ChIJ3XO2fQDpqzMRIPkJaLlhpmY","motorcycle rental | car rental",""
"approved","transport","transport","Riza Scooters Rental OPC Main Office - Moalboal Cebu","4.4","201","Bus Stop and V-Hire Terminal, National Road Highway, Poblacion East, Moalboal, 6032 Cebu","service","OPERATIONAL","https://maps.google.com/?cid=10541159809617013639&g_mp=Cidnb29nbGUubWFwcy5wbGFjZXMudjEuUGxhY2VzLlNlYXJjaFRleHQQAhgEIAA","ChIJX36YJ0XpqzMRh6vYVP-4SZI","motorcycle rental | car rental | gas station",""
"approved","transport","transport","XANDER'S MOTORBIKE RENTAL","5","33","Tubli Rd, Moalboal, Cebu","car_rental","OPERATIONAL","https://maps.google.com/?cid=14216433042795124023&g_mp=Cidnb29nbGUubWFwcy5wbGFjZXMudjEuUGxhY2VzLlNlYXJjaFRleHQQAhgEIAA","ChIJ5cnOu-vpqzMRN9Xt0IfqSsU","motorcycle rental | car rental",""
"approved","transport","transport","Yamz Cebu Tourist Transport","5","20","purok bolinao, Tap anan Barangay Basdiot, Tomas road, Moalboal, 6032 Cebu","transportation_service","OPERATIONAL","https://maps.google.com/?cid=7618499109680575151&g_mp=Cidnb29nbGUubWFwcy5wbGFjZXMudjEuUGxhY2VzLlNlYXJjaFRleHQQAhgEIAA","ChIJPQGCi0DMpAYRr_IjYpNYumk","transport service",""
